0,4,lg+KQF4dhKNq4vt2xyO2+w+EQZo=,QzoeDV/DNkuVmueJBIpjRcYhtyo=
1,4,lg+KQF4dhKNq4vt2xyO2+w+EQZo=,QzoeDV/DNkuVmueJBIpjRcYhtyo=
1,3,lg+KQF4dhKNq4vt2xyO2+w+EQZo=,W4F/EpWZ8C2iVJZrpZ+HfDoM7B0=
0,3,lg+KQF4dhKNq4vt2xyO2+w+EQZo=,W4F/EpWZ8C2iVJZrpZ+HfDoM7B0=
4,0,lg+KQF4dhKNq4vt2xyO2+w+EQZo=,NNdl9TfWJucoGr19cXTnBOHtzUs=
3,0,lg+KQF4dhKNq4vt2xyO2+w+EQZo=,d1NKTo2yolZP2L1DAty34+gISIQ=
4,1,lg+KQF4dhKNq4vt2xyO2+w+EQZo=,NNdl9TfWJucoGr19cXTnBOHtzUs=
3,1,lg+KQF4dhKNq4vt2xyO2+w+EQZo=,d1NKTo2yolZP2L1DAty34+gISIQ=
7,1,lg+KQF4dhKNq4vt2xyO2+w+EQZo=,gV0E/zRIExkob1G2MG5FtisTT3k=
5,1,lg+KQF4dhKNq4vt2xyO2+w+EQZo=,NNdl9TfWJucoGr19cXTnBOHtzUs=
6,1,lg+KQF4dhKNq4vt2xyO2+w+EQZo=,gV0E/zRIExkob1G2MG5FtisTT3k=
7,0,lg+KQF4dhKNq4vt2xyO2+w+EQZo=,gV0E/zRIExkob1G2MG5FtisTT3k=
6,0,lg+KQF4dhKNq4vt2xyO2+w+EQZo=,gV0E/zRIExkob1G2MG5FtisTT3k=
5,0,lg+KQF4dhKNq4vt2xyO2+w+EQZo=,NNdl9TfWJucoGr19cXTnBOHtzUs=
1,6,lg+KQF4dhKNq4vt2xyO2+w+EQZo=,15TiGPGhKvSU4IG80ZP7uSU2wIM=
0,6,lg+KQF4dhKNq4vt2xyO2+w+EQZo=,15TiGPGhKvSU4IG80ZP7uSU2wIM=
1,5,lg+KQF4dhKNq4vt2xyO2+w+EQZo=,QzoeDV/DNkuVmueJBIpjRcYhtyo=
0,5,lg+KQF4dhKNq4vt2xyO2+w+EQZo=,QzoeDV/DNkuVmueJBIpjRcYhtyo=
1,8,lg+KQF4dhKNq4vt2xyO2+w+EQZo=,I6skcPuHfB9cuQOrNGsVOlLbkTA=
1,10,lg+KQF4dhKNq4vt2xyO2+w+EQZo=,At5MoQZeSk2m6hk3e7p8A7Rlvq8=
1,7,lg+KQF4dhKNq4vt2xyO2+w+EQZo=,15TiGPGhKvSU4IG80ZP7uSU2wIM=
0,8,lg+KQF4dhKNq4vt2xyO2+w+EQZo=,I6skcPuHfB9cuQOrNGsVOlLbkTA=
0,10,lg+KQF4dhKNq4vt2xyO2+w+EQZo=,At5MoQZeSk2m6hk3e7p8A7Rlvq8=
0,7,lg+KQF4dhKNq4vt2xyO2+w+EQZo=,15TiGPGhKvSU4IG80ZP7uSU2wIM=
1,9,lg+KQF4dhKNq4vt2xyO2+w+EQZo=,I6skcPuHfB9cuQOrNGsVOlLbkTA=
0,9,lg+KQF4dhKNq4vt2xyO2+w+EQZo=,I6skcPuHfB9cuQOrNGsVOlLbkTA=
1,12,lg+KQF4dhKNq4vt2xyO2+w+EQZo=,sMxvACaUZ7CiDD8OSwHKhdNPjCo=
0,11,lg+KQF4dhKNq4vt2xyO2+w+EQZo=,At5MoQZeSk2m6hk3e7p8A7Rlvq8=
1,11,lg+KQF4dhKNq4vt2xyO2+w+EQZo=,At5MoQZeSk2m6hk3e7p8A7Rlvq8=
1,15,lg+KQF4dhKNq4vt2xyO2+w+EQZo=,am9QKCjaBSnN+fzmKNTYlzrRVg4=
0,12,lg+KQF4dhKNq4vt2xyO2+w+EQZo=,sMxvACaUZ7CiDD8OSwHKhdNPjCo=
0,15,lg+KQF4dhKNq4vt2xyO2+w+EQZo=,am9QKCjaBSnN+fzmKNTYlzrRVg4=
1,14,lg+KQF4dhKNq4vt2xyO2+w+EQZo=,am9QKCjaBSnN+fzmKNTYlzrRVg4=
0,13,lg+KQF4dhKNq4vt2xyO2+w+EQZo=,sMxvACaUZ7CiDD8OSwHKhdNPjCo=
0,14,lg+KQF4dhKNq4vt2xyO2+w+EQZo=,am9QKCjaBSnN+fzmKNTYlzrRVg4=
1,13,lg+KQF4dhKNq4vt2xyO2+w+EQZo=,sMxvACaUZ7CiDD8OSwHKhdNPjCo=
2,1,lg+KQF4dhKNq4vt2xyO2+w+EQZo=,d1NKTo2yolZP2L1DAty34+gISIQ=
2,0,lg+KQF4dhKNq4vt2xyO2+w+EQZo=,d1NKTo2yolZP2L1DAty34+gISIQ=
0,0,lg+KQF4dhKNq4vt2xyO2+w+EQZo=,BOPZw3URM98nGSX1kZzwaqSt74g=
1,2,lg+KQF4dhKNq4vt2xyO2+w+EQZo=,W4F/EpWZ8C2iVJZrpZ+HfDoM7B0=
1,0,lg+KQF4dhKNq4vt2xyO2+w+EQZo=,BOPZw3URM98nGSX1kZzwaqSt74g=
0,2,lg+KQF4dhKNq4vt2xyO2+w+EQZo=,W4F/EpWZ8C2iVJZrpZ+HfDoM7B0=
1,1,lg+KQF4dhKNq4vt2xyO2+w+EQZo=,BOPZw3URM98nGSX1kZzwaqSt74g=
0,1,lg+KQF4dhKNq4vt2xyO2+w+EQZo=,BOPZw3URM98nGSX1kZzwaqSt74g=
6,20,XOGjaPZetbCLjnwE7O3Nm4Ix/4Y=,j9NnC0Hdfy+97K7SaR7XflJKG4g=
5,20,XOGjaPZetbCLjnwE7O3Nm4Ix/4Y=,AHp2ixDBK/XphgA1NrsdIhhWE+g=
1,21,XOGjaPZetbCLjnwE7O3Nm4Ix/4Y=,ECDKkWwmYRnonBkBxoJyUZi11W0=
4,21,XOGjaPZetbCLjnwE7O3Nm4Ix/4Y=,AHp2ixDBK/XphgA1NrsdIhhWE+g=
2,21,XOGjaPZetbCLjnwE7O3Nm4Ix/4Y=,zXwa7NqTN8VuoUyNjZ5xfl9bDVQ=
3,21,XOGjaPZetbCLjnwE7O3Nm4Ix/4Y=,zXwa7NqTN8VuoUyNjZ5xfl9bDVQ=
3,20,XOGjaPZetbCLjnwE7O3Nm4Ix/4Y=,zXwa7NqTN8VuoUyNjZ5xfl9bDVQ=
4,20,XOGjaPZetbCLjnwE7O3Nm4Ix/4Y=,AHp2ixDBK/XphgA1NrsdIhhWE+g=
0,19,XOGjaPZetbCLjnwE7O3Nm4Ix/4Y=,F5vPYNSP2otmZDOt+fVkXy2waxY=
0,21,XOGjaPZetbCLjnwE7O3Nm4Ix/4Y=,ECDKkWwmYRnonBkBxoJyUZi11W0=
5,21,XOGjaPZetbCLjnwE7O3Nm4Ix/4Y=,AHp2ixDBK/XphgA1NrsdIhhWE+g=
1,19,XOGjaPZetbCLjnwE7O3Nm4Ix/4Y=,F5vPYNSP2otmZDOt+fVkXy2waxY=
7,21,XOGjaPZetbCLjnwE7O3Nm4Ix/4Y=,j9NnC0Hdfy+97K7SaR7XflJKG4g=
6,21,XOGjaPZetbCLjnwE7O3Nm4Ix/4Y=,j9NnC0Hdfy+97K7SaR7XflJKG4g=
1,20,XOGjaPZetbCLjnwE7O3Nm4Ix/4Y=,ECDKkWwmYRnonBkBxoJyUZi11W0=
7,20,XOGjaPZetbCLjnwE7O3Nm4Ix/4Y=,j9NnC0Hdfy+97K7SaR7XflJKG4g=
2,20,XOGjaPZetbCLjnwE7O3Nm4Ix/4Y=,zXwa7NqTN8VuoUyNjZ5xfl9bDVQ=
1,17,XOGjaPZetbCLjnwE7O3Nm4Ix/4Y=,aoLwke6EPyjN+JU7by1OdhCiHfU=
1,18,XOGjaPZetbCLjnwE7O3Nm4Ix/4Y=,F5vPYNSP2otmZDOt+fVkXy2waxY=
0,20,XOGjaPZetbCLjnwE7O3Nm4Ix/4Y=,ECDKkWwmYRnonBkBxoJyUZi11W0=
0,16,XOGjaPZetbCLjnwE7O3Nm4Ix/4Y=,aoLwke6EPyjN+JU7by1OdhCiHfU=
1,16,XOGjaPZetbCLjnwE7O3Nm4Ix/4Y=,aoLwke6EPyjN+JU7by1OdhCiHfU=
0,18,XOGjaPZetbCLjnwE7O3Nm4Ix/4Y=,F5vPYNSP2otmZDOt+fVkXy2waxY=
0,17,XOGjaPZetbCLjnwE7O3Nm4Ix/4Y=,aoLwke6EPyjN+JU7by1OdhCiHfU=
21,1,3SOsh1we+5TgUE1GaH1ny4F9Pjw=,8YcWMkoj6kdl+3i4tnrmyTy04Xc=
20,1,3SOsh1we+5TgUE1GaH1ny4F9Pjw=,8YcWMkoj6kdl+3i4tnrmyTy04Xc=
21,0,3SOsh1we+5TgUE1GaH1ny4F9Pjw=,8YcWMkoj6kdl+3i4tnrmyTy04Xc=
20,0,3SOsh1we+5TgUE1GaH1ny4F9Pjw=,8YcWMkoj6kdl+3i4tnrmyTy04Xc=
